cena_opcji,odw_t,t,sigma,S_0,r,K,T,opcja,wersja
10.191184966938744,12.0,0.08333333333333333,0.3,50.0,0.02,48.0,2.0,a,call
6.470605309499672,12.0,0.08333333333333333,0.3,50.0,0.02,48.0,2.0,a,put
10.191184966938744,12.0,0.08333333333333333,0.3,50.0,0.02,48.0,2.0,e,call
6.309078046250359,12.0,0.08333333333333333,0.3,50.0,0.02,48.0,2.0,e,put
